{"status":"success","message":"Success","data":[{"juz_number":1,"start":{"surah":1,"verse":1,"latin":"Al-Fatihah","arabic":"الفاتحة","indonesian":"Pembukaan","english":"The Opener","revelation_place":"Makkah"},"end":{"surah":2,"verse":141,"latin":"Al-Baqarah","arabic":"البقرة","indonesian":"Sapi Betina","english":"The Cow","revelation_place":"Madinah"}},{"juz_number":2,"start":{"surah":2,"verse":142,"latin":"Al-Baqarah","arabic":"البقرة","indonesian":"Sapi Betina","english":"The Cow","revelation_place":"Madinah"},"end":{"surah":2,"verse":252,"latin":"Al-Baqarah","arabic":"البقرة","indonesian":"Sapi Betina","english":"The Cow","revelation_place":"Madinah"}},{"juz_number":3,"start":{"surah":2,"verse":253,"latin":"Al-Baqarah","arabic":"البقرة","indonesian":"Sapi Betina","english":"The Cow","revelation_place":"Madinah"},"end":{"surah":3,"verse":92,"latin":"Al-Imran","arabic":"آل عمران","indonesian":"Keluarga Imran","english":"Family Of Imran","revelation_place":"Madinah"}},{"juz_number":4,"start":{"surah":3,"verse":93,"latin":"Al-Imran","arabic":"آل عمران","indonesian":"Keluarga Imran","english":"Family Of Imran","revelation_place":"Madinah"},"end":{"surah":4,"verse":23,"latin":"An-Nisa","arabic":"النساء","indonesian":"Wanita","english":"The Woman","revelation_place":"Madinah"}},{"juz_number":5,"start":{"surah":4,"verse":24,"latin":"An-Nisa","arabic":"النساء","indonesian":"Wanita","english":"The Woman","revelation_place":"Madinah"},"end":{"surah":4,"verse":147,"latin":"An-Nisa","arabic":"النساء","indonesian":"Wanita","english":"The Woman","revelation_place":"Madinah"}},{"juz_number":6,"start":{"surah":4,"verse":148,"latin":"An-Nisa","arabic":"النساء","indonesian":"Wanita","english":"The Woman","revelation_place":"Madinah"},"end":{"surah":5,"verse":81,"latin":"Al-Ma'idah","arabic":"المائدة","indonesian":"Jamuan (Hidangan Makanan)","english":"The Table Spread","revelation_place":"Madinah"}},{"juz_number":7,"start":{"surah":5,"verse":82,"latin":"Al-Ma'idah","arabic":"المائدة","indonesian":"Jamuan (Hidangan Makanan)","english":"The Table Spread","revelation_place":"Madinah"},"end":{"surah":6,"verse":110,"latin":"Al-An'am","arabic":"الأنعام","indonesian":"Binatang Ternak","english":"The Cattle","revelation_place":"Makkah"}},{"juz_number":8,"start":{"surah":6,"verse":111,"latin":"Al-An'am","arabic":"الأنعام","indonesian":"Binatang Ternak","english":"The Cattle","revelation_place":"Makkah"},"end":{"surah":7,"verse":87,"latin":"Al-A'raf","arabic":"الأعراف","indonesian":"Tempat-tempat Tinggi","english":"The Heights","revelation_place":"Makkah"}},{"juz_number":9,"start":{"surah":7,"verse":88,"latin":"Al-A'raf","arabic":"الأعراف","indonesian":"Tempat-tempat Tinggi","english":"The Heights","revelation_place":"Makkah"},"end":{"surah":8,"verse":40,"latin":"Al-Anfal","arabic":"الأنفال","indonesian":"Rampasan Perang","english":"The Spoils of War","revelation_place":"Madinah"}},{"juz_number":10,"start":{"surah":8,"verse":41,"latin":"Al-Anfal","arabic":"الأنفال","indonesian":"Rampasan Perang","english":"The Spoils of War","revelation_place":"Madinah"},"end":{"surah":9,"verse":92,"latin":"Al-Tawbah","arabic":"التوبة","indonesian":"Pengampunan","english":"The Repentance","revelation_place":"Madinah"}},{"juz_number":11,"start":{"surah":9,"verse":93,"latin":"Al-Tawbah","arabic":"التوبة","indonesian":"Pengampunan","english":"The Repentance","revelation_place":"Madinah"},"end":{"surah":11,"verse":5,"latin":"Hud","arabic":"هود","indonesian":"Hud","english":"Hud","revelation_place":"Makkah"}},{"juz_number":12,"start":{"surah":11,"verse":6,"latin":"Hud","arabic":"هود","indonesian":"Hud","english":"Hud","revelation_place":"Makkah"},"end":{"surah":12,"verse":52,"latin":"Yusuf","arabic":"يوسف","indonesian":"Yusuf","english":"Joseph","revelation_place":"Makkah"}},{"juz_number":13,"start":{"surah":12,"verse":53,"latin":"Yusuf","arabic":"يوسف","indonesian":"Yusuf","english":"Joseph","revelation_place":"Makkah"},"end":{"surah":14,"verse":52,"latin":"Ibrahim","arabic":"إبراهيم","indonesian":"Ibrahim","english":"Abraham","revelation_place":"Makkah"}},{"juz_number":14,"start":{"surah":15,"verse":1,"latin":"Al-Hijr","arabic":"الحجر","indonesian":"Bukit","english":"The Rocky Track","revelation_place":"Makkah"},"end":{"surah":16,"verse":128,"latin":"An-Nahl","arabic":"النحل","indonesian":"Lebah Madu","english":"The Bee","revelation_place":"Makkah"}},{"juz_number":15,"start":{"surah":17,"verse":1,"latin":"Al-Isra","arabic":"الإسراء","indonesian":"Perjalanan Malam","english":"The Night Journey","revelation_place":"Makkah"},"end":{"surah":18,"verse":74,"latin":"Al-Kahf","arabic":"الكهف","indonesian":"Para Penghuni Gua","english":"The Cave","revelation_place":"Makkah"}},{"juz_number":16,"start":{"surah":18,"verse":75,"latin":"Al-Kahf","arabic":"الكهف","indonesian":"Para Penghuni Gua","english":"The Cave","revelation_place":"Makkah"},"end":{"surah":20,"verse":135,"latin":"Taha","arabic":"طه","indonesian":"Tha-ha","english":"Ta-ha","revelation_place":"Makkah"}},{"juz_number":17,"start":{"surah":21,"verse":1,"latin":"Al-Anbya","arabic":"الأنبياء","indonesian":"Para Nabi","english":"The Prophets","revelation_place":"Makkah"},"end":{"surah":22,"verse":78,"latin":"Al-Hajj","arabic":"الحج","indonesian":"Haji","english":"The Pilgrimage","revelation_place":"Madinah"}},{"juz_number":18,"start":{"surah":23,"verse":1,"latin":"Al-Mu'minun","arabic":"المؤمنون","indonesian":"Orang-orang Mukmin","english":"The Believer","revelation_place":"Makkah"},"end":{"surah":25,"verse":20,"latin":"Al-Furqan","arabic":"الفرقان","indonesian":"Pembeda","english":"The Criterion","revelation_place":"Makkah"}},{"juz_number":19,"start":{"surah":25,"verse":21,"latin":"Al-Furqan","arabic":"الفرقان","indonesian":"Pembeda","english":"The Criterion","revelation_place":"Makkah"},"end":{"surah":27,"verse":55,"latin":"An-Naml","arabic":"النمل","indonesian":"Semut","english":"The Ant","revelation_place":"Makkah"}},{"juz_number":20,"start":{"surah":27,"verse":56,"latin":"An-Naml","arabic":"النمل","indonesian":"Semut","english":"The Ant","revelation_place":"Makkah"},"end":{"surah":29,"verse":45,"latin":"Al-'Ankabut","arabic":"العنكبوت","indonesian":"Laba-laba","english":"The Spider","revelation_place":"Makkah"}},{"juz_number":21,"start":{"surah":29,"verse":46,"latin":"Al-'Ankabut","arabic":"العنكبوت","indonesian":"Laba-laba","english":"The Spider","revelation_place":"Makkah"},"end":{"surah":33,"verse":30,"latin":"Al-Ahzab","arabic":"الأحزاب","indonesian":"Golongan yang Bersekutu","english":"TThe Combined Forces","revelation_place":"Madinah"}},{"juz_number":22,"start":{"surah":33,"verse":31,"latin":"Al-Ahzab","arabic":"الأحزاب","indonesian":"Golongan yang Bersekutu","english":"TThe Combined Forces","revelation_place":"Madinah"},"end":{"surah":36,"verse":27,"latin":"Yasin","arabic":"يس","indonesian":"Yas Sin","english":"Ya Sin","revelation_place":"Makkah"}},{"juz_number":23,"start":{"surah":36,"verse":28,"latin":"Yasin","arabic":"يس","indonesian":"Yas Sin","english":"Ya Sin","revelation_place":"Makkah"},"end":{"surah":39,"verse":31,"latin":"Az-Zumar","arabic":"الزمر","indonesian":"Para Rombongan","english":"The Troops","revelation_place":"Makkah"}},{"juz_number":24,"start":{"surah":39,"verse":32,"latin":"Az-Zumar","arabic":"الزمر","indonesian":"Para Rombongan","english":"The Troops","revelation_place":"Makkah"},"end":{"surah":41,"verse":46,"latin":"Fussilat","arabic":"فصلت","indonesian":"Yang Dijelaskan","english":"The Troops","revelation_place":"Makkah"}},{"juz_number":25,"start":{"surah":41,"verse":47,"latin":"Fussilat","arabic":"فصلت","indonesian":"Yang Dijelaskan","english":"The Troops","revelation_place":"Makkah"},"end":{"surah":45,"verse":37,"latin":"Al-Jathiyah","arabic":"الجاثية","indonesian":"Yang Bertekuk Lutut","english":"The Crouching","revelation_place":"Makkah"}},{"juz_number":26,"start":{"surah":46,"verse":1,"latin":"Al-Ahqaf","arabic":"الأحقاف","indonesian":"Bukit-bukir Pasir","english":"The Wind-Curved Sandhills","revelation_place":"Makkah"},"end":{"surah":51,"verse":30,"latin":"Adh-Dhariyat","arabic":"الذاريات","indonesian":"Angin yang Menerbangkan","english":"The Winnowing Winds","revelation_place":"Makkah"}},{"juz_number":27,"start":{"surah":51,"verse":31,"latin":"Adh-Dhariyat","arabic":"الذاريات","indonesian":"Angin yang Menerbangkan","english":"The Winnowing Winds","revelation_place":"Makkah"},"end":{"surah":57,"verse":29,"latin":"Al-Hadid","arabic":"الحديد","indonesian":"Besi","english":"The Iron","revelation_place":"Madinah"}},{"juz_number":28,"start":{"surah":58,"verse":1,"latin":"Al-Mujadilah","arabic":"المجادلة","indonesian":"Wanita yang Menggugat","english":"The Pleading Woman","revelation_place":"Madinah"},"end":{"surah":66,"verse":12,"latin":"At-Tahrim","arabic":"التحريم","indonesian":"Mengharamkan","english":"The Prohibition","revelation_place":"Madinah"}},{"juz_number":29,"start":{"surah":67,"verse":1,"latin":"Al-Mulk","arabic":"الملك","indonesian":"Kerajaan","english":"The Sovereignty","revelation_place":"Makkah"},"end":{"surah":77,"verse":50,"latin":"Al-Mursalat","arabic":"المرسلات","indonesian":"Malaikat-malaikan yang Diutus","english":"The Emissaries","revelation_place":"Makkah"}},{"juz_number":30,"start":{"surah":78,"verse":1,"latin":"An-Naba","arabic":"النبإ","indonesian":"Berita Besar","english":"The Tidings","revelation_place":"Makkah"},"end":{"surah":114,"verse":6,"latin":"An-Nas","arabic":"الناس","indonesian":"Umat Manusia","english":"Mankind","revelation_place":"Makkah"}}],"error":null}