{
    "status": "success",
    "message": "Success",
    "data": [
        {
            "indonesian": "Dan pada sebagian malam, lakukanlah salat tahajud (sebagai suatu ibadah) tambahan bagimu: mudah-mudahan Tuhanmu mengangkatmu ke tempat yang terpuji. (Al Isra 79)",
            "english": "And rise at ˹the last˺ part of the night, offering additional prayers, so your Lord may raise you to a station of praise.  (Al Isra 79)",
            "arabic": "وَمِنَ ٱلَّيْلِ فَتَهَجَّدْ بِهِۦ نَافِلَةًۭ لَّكَ عَسَىٰٓ أَن يَبْعَثَكَ رَبُّكَ مَقَامًۭا مَّحْمُودًۭا"
        },
        {
            "indonesian": "Sesungguhnya orang-orang yang selalu membaca Kitab Allah (Alquran) dan melak­sana­kan salat dan menginfakkan sebagian rezeki yang Kami anugerahkan kepadanya dengan diam-diam dan terang-terangan, mereka itu mengharapkan perdagangan yang tidak akan rugi (Fathir 29)",
            "english": "Surely those who recite the Book of Allah, establish prayer, and donate from what We have provided for them—secretly and openly—˹can˺ hope for an exchange that will never fail. (Fathir 29)",
            "arabic": "إِنَّ ٱلَّذِينَ يَتْلُونَ كِتَـٰبَ ٱللَّهِ وَأَقَامُوا۟ ٱلصَّلَوٰةَ وَأَنفَقُوا۟ مِمَّا رَزَقْنَـٰهُمْ سِرًّۭا وَعَلَانِيَةًۭ يَرْجُونَ تِجَـٰرَةًۭ لَّن تَبُورَ"
        },
        {
            "indonesian": "Sebaik-baik kalian adalah orang yang mempelajari Al-Qur'an dan mengajarkannya. (HR. Bukhori).",
            "english": "The Prophet (ﷺ) said, \"The best among you (Muslims) are those who learn the Qur'an and teach it. \" (Sahih al-Bukhari 5027)",
            "arabic": "خَيْرُكُمْ مَنْ تَعَلَّمَ الْقُرْآنَ وَعَلَّمَهُ"
        },
        {
            "indonesian": "Dan apabila engkau (Muhammad) membaca Alquran, Kami adakan suatu dinding yang tidak terlihat antara engkau dan orang-orang yang tidak beriman kepada kehidupan akhirat (Al Isra 45)",
            "english": "When you ˹O Prophet˺ recite the Quran, We put a hidden barrier between you and those who do not believe in the Hereafter. (Al Isra 45)",
            "arabic": "وَإِذَا قَرَأْتَ ٱلْقُرْءَانَ جَعَلْنَا بَيْنَكَ وَبَيْنَ ٱلَّذِينَ لَا يُؤْمِنُونَ بِٱلْـَٔاخِرَةِ حِجَابًۭا مَّسْتُورًۭا"
        },
        {
            "indonesian": "Dikatakan kepada orang yang membaca (menghafalkan) al-Qur’an nanti, ‘Bacalah dan naiklah serta tartillah sebagaimana engkau di dunia mentartilnya! Karena kedudukanmu adalah pada akhir ayat yang engkau baca (hafal). (HR Abu Daud dan Tirmidzi)",
            "english": "The Messenger of Allah (ﷺ) said: One who was devoted to the Qur'an will be told to recite, ascend and recite carefully as he recited carefully when he was in the world, for he will reach his abode when he comes to the last verse he recites. (Hadist Abu Dawud 1464)",
            "arabic": "يُقَالُ لِصَاحِبِ الْقُرْآنِ اقْرَأْ وَارْتَقِ وَرَتِّلْ كَمَا كُنْتَ تُرَتِّلُ فِى الدُّنْيَا فَإِنَّ مَنْزِلَكَ عِنْدَ آخِرِ آيَةٍ تَقْرَؤُهَا"
        },
        {
            "indonesian": "Jangan engkau (Muhammad) gerakkan lidahmu (untuk membaca Alquran) karena hendak cepat-cepat (menguasai)nya. Sesungguhnya Kami yang akan mengumpulkannya (di dadamu) dan membacakannya. Apabila Kami telah selesai membacakannya maka ikutilah bacaannya itu. Kemudian sesungguhnya Kami yang akan menjelaskannya. (Al Qiyamah 16-19)",
            "english": "Do not rush your tongue trying to memorize ˹a revelation of˺ the Quran.It is certainly upon Us to ˹make you˺ memorize and recite it. So once We have recited a revelation ˹through Gabriel˺, follow its recitation ˹closely˺. Then it is surely upon Us to make it clear ˹to you˺. (Al Qiyamah 16-19)",
            "arabic": "لَا تُحَرِّكْ بِهِ لِسَانَكَ لِتَعْجَلَ بِهِ ‎﴿١٦﴾‏ إِنَّ عَلَيْنَا جَمْعَهُ وَقُرْآنَهُ ‎﴿١٧﴾‏ فَإِذَا قَرَأْنَاهُ فَاتَّبِعْ قُرْآنَهُ ‎﴿١٨﴾‏ ثُمَّ إِنَّ عَلَيْنَا بَيَانَهُ ‎﴿١٩﴾‏"
        },
        {
            "indonesian": "Perumpamaan orang yang menghafal al Quran seperti unta yang ditambatkan. Apabila ia menjaga dan mengawasinya, maka unta itu akan tetap berada di tangannya, tetapi jika ia melepaskannya maka unta itu akan pergi (meninggalkannya). (Al Bukhari 5031)",
            "english": "Allah's Messenger (ﷺ) said, \"The example of the person who knows the Qur'an by heart is like the owner of tied camels. If he keeps them tied, he will control them, but if he releases them, they will run away.\" (Al Bukhari 5031)",
            "arabic": "إِنَّمَا مَثَلُ صَاحِبِ الْقُرْآنِ كَمَثَلِ صَاحِبِ الإِبِلِ الْمُعَقَّلَةِ إِنْ عَاهَدَ عَلَيْهَا أَمْسَكَهَا وَإِنْ أَطْلَقَهَا ذَهَبَتْ"
        },
        {
            "indonesian": "Maka Mahatinggi Allah, Raja yang sebenar-benarnya. Dan janganlah engkau (Muhammad) tergesa-gesa (membaca) Alquran sebelum selesai diwahyukan kepadamu, dan katakanlah, \"Ya Tuhanku, tambahkanlah ilmu kepadaku.\" (Taha 114)",
            "english": "Exalted is Allah, the True King! Do not rush to recite ˹a revelation of˺ the Quran ˹O Prophet˺ before it is ˹properly˺ conveyed to you,1 and pray, “My Lord! Increase me in knowledge.” (Taha 114)",
            "arabic": "فَتَعَـٰلَى ٱللَّهُ ٱلْمَلِكُ ٱلْحَقُّ ۗ وَلَا تَعْجَلْ بِٱلْقُرْءَانِ مِن قَبْلِ أَن يُقْضَىٰٓ إِلَيْكَ وَحْيُهُۥ ۖ وَقُل رَّبِّ زِدْنِى عِلْمًۭا"
        },
        {
            "indonesian": "Dan sungguh, telah Kami mudahkan Alquran untuk peringatan, maka adakah orang yang mau mengambil pelajaran? (Al Qamar 17)",
            "english": "And We have certainly made the Quran easy to remember. So is there anyone who will be mindful?(Al Qamar 17)",
            "arabic": "وَلَقَدْ يَسَّرْنَا ٱلْقُرْءَانَ لِلذِّكْرِ فَهَلْ مِن مُّدَّكِرٍۢ"
        },
        {
            "indonesian": "Sesungguhnya Allah mempunyai keluarga di antara manusia, para sahabat bertanya, “Siapakah mereka ya Rasulullah?” Rasul menjawab, “Para ahli Al Qur’an. Merekalah keluarga Allah dan hamba pilihanNya (Ibnu Majah 215)",
            "english": "The Messenger of Allah said: 'Allah has His own people among mankind.' They said: 'O Messenger of Allah, who are they?' He said: 'The people of the Qur'an, the people of Allah and those who are closest to Him. (Ibnu Majah 215)",
            "arabic": " إِنَّ لِلَّهِ أَهْلِينَ مِنَ النَّاسِ ‏\"‏ ‏.‏ قَالُوا يَا رَسُولَ اللَّهِ مَنْ هُمْ قَالَ ‏\"‏ هُمْ أَهْلُ الْقُرْآنِ أَهْلُ اللَّهِ وَخَاصَّتُهُ ‏\""
        },
        {
            "indonesian": "Rasulullah shallallahu 'alaihi wasallam bersabda: Siapa yang membaca satu huruf dari Al Quran maka baginya satu kebaikan dengan bacaan tersebut, satu kebaikan dilipatkan menjadi 10 kebaikan semisalnya dan aku tidak mengatakan Alif Lam Mim itu huruf akan tetapi Alif satu huruf, Laam satu huruf dan Miim satu huruf. (HR. Tirmidzi 6469) ",
            "english": "Whoever recites a letter] from Allah's Book, then he receives the reward from it, and the reward of ten the like of it. I do not say that Alif Lam Mim is a letter, but Alif is a letter, Lam is a letter and Mim is a letter.  (HR. Tirmidzi 6469) ",
            "arabic": "مَنْ قَرَأَ حَرْفًا مِنْ كِتَابِ اللَّهِ فَلَهُ بِهِ حَسَنَةٌ وَالْحَسَنَةُ بِعَشْرِ أَمْثَالِهَا لاَ أَقُولُ الم حَرْفٌ وَلَكِنْ أَلِفٌ حَرْفٌ وَلاَمٌ حَرْفٌ وَمِيمٌ حَرْفٌ"
        },
        {
            "indonesian": "Jagalah hafalan Al Quran. Demi Dzat yang jiwaku berada di tangan Nya, sungguh ia lebih cepat terlepas daripada unta ditambatannya. (Al Bukhari 5033)",
            "english": "The Prophet (ﷺ) said, \"Commit yourself to the Qur'an, for by Him in whose Hand is my soul, it is surely more prone to break away than a camel in its bind. (Al Bukhari 5033)",
            "arabic": "تَعَاهَدُوا الْقُرْآنَ فَوَالَّذِي نَفْسِي بِيَدِهِ لَهُوَ أَشَدُّ تَفَصِّيًا مِنَ الإِبِلِ فِي عُقُلِهَا "
        },
        {
            "indonesian": "Maka apabila engkau (Muhammad) hendak membaca Alquran, mohonlah perlindungan kepada Allah dari setan yang terkutuk. (An Nahl 98)",
            "english": "When you recite the Quran, seek refuge with Allah from Satan, the accursed. (An Nahl 98)",
            "arabic": "فَإِذَا قَرَأْتَ ٱلْقُرْءَانَ فَٱسْتَعِذْ بِٱللَّهِ مِنَ ٱلشَّيْطَـٰنِ ٱلرَّجِيمِ"
        }
    ],
    "error": null
}