{
    "status": "success",
    "message": "Success",
    "data": [
        {
            "id": 2,
            "reciter_name": "AbdulBaset AbdulSamad"
        },
        {
            "id": 3,
            "reciter_name": "Abdur-Rahman as-Sudais"
        },
        {
            "id": 4,
            "reciter_name": "Abu Bakr al-Shatri"
        },
        {
            "id": 5,
            "reciter_name": "Hani ar-Rifai"
        },
        {
            "id": 7,
            "reciter_name": "Mishari Rashid al-`Afasy"
        },
        {
            "id": 9,
            "reciter_name": "Mohamed Siddiq al-Minshawi"
        },
        {
            "id": 10,
            "reciter_name": "Sa`ud ash-Shuraym"
        },
        {
            "id": 11,
            "reciter_name": "Mohamed al-Tablawi"
        },
        {
            "id": 12,
            "reciter_name": "Mahmoud Khalil Al-Husary"
        }
    ],
    "error": null
}