{"status":"success","message":"Success","data":[{"id":1,"revelation_place":"makkah","number_of_verse":7,"name_simple":"Al-Fatihah","name_arabic":"الفاتحة","translated_name":"Pembukaan"},{"id":2,"revelation_place":"madinah","number_of_verse":286,"name_simple":"Al-Baqarah","name_arabic":"البقرة","translated_name":"Sapi Betina"},{"id":3,"revelation_place":"madinah","number_of_verse":200,"name_simple":"Ali 'Imran","name_arabic":"آل عمران","translated_name":"Keluarga Imran"},{"id":4,"revelation_place":"madinah","number_of_verse":176,"name_simple":"An-Nisa","name_arabic":"النساء","translated_name":"Wanita"},{"id":5,"revelation_place":"madinah","number_of_verse":120,"name_simple":"Al-Ma'idah","name_arabic":"المائدة","translated_name":"Jamuan (Hidangan Makanan)"},{"id":6,"revelation_place":"makkah","number_of_verse":165,"name_simple":"Al-An'am","name_arabic":"الأنعام","translated_name":"Binatang Ternak"},{"id":7,"revelation_place":"makkah","number_of_verse":206,"name_simple":"Al-A'raf","name_arabic":"الأعراف","translated_name":"Tempat-tempat Tinggi"},{"id":8,"revelation_place":"madinah","number_of_verse":75,"name_simple":"Al-Anfal","name_arabic":"الأنفال","translated_name":"Rampasan Perang"},{"id":9,"revelation_place":"madinah","number_of_verse":129,"name_simple":"At-Tawbah","name_arabic":"التوبة","translated_name":"Pengampunan"},{"id":10,"revelation_place":"makkah","number_of_verse":109,"name_simple":"Yunus","name_arabic":"يونس","translated_name":"Yunus"},{"id":11,"revelation_place":"makkah","number_of_verse":123,"name_simple":"Hud","name_arabic":"هود","translated_name":"Hud"},{"id":12,"revelation_place":"makkah","number_of_verse":111,"name_simple":"Yusuf","name_arabic":"يوسف","translated_name":"Yusuf"},{"id":13,"revelation_place":"madinah","number_of_verse":43,"name_simple":"Ar-Ra'd","name_arabic":"الرعد","translated_name":"Guruh (Petir)"},{"id":14,"revelation_place":"makkah","number_of_verse":52,"name_simple":"Ibrahim","name_arabic":"ابراهيم","translated_name":"Ibrahim"},{"id":15,"revelation_place":"makkah","number_of_verse":99,"name_simple":"Al-Hijr","name_arabic":"الحجر","translated_name":"Bukit"},{"id":16,"revelation_place":"makkah","number_of_verse":128,"name_simple":"An-Nahl","name_arabic":"النحل","translated_name":"Lebah Madu"},{"id":17,"revelation_place":"makkah","number_of_verse":111,"name_simple":"Al-Isra","name_arabic":"الإسراء","translated_name":"Perjalanan Malam"},{"id":18,"revelation_place":"makkah","number_of_verse":110,"name_simple":"Al-Kahf","name_arabic":"الكهف","translated_name":"Para Penghuni Gua"},{"id":19,"revelation_place":"makkah","number_of_verse":98,"name_simple":"Maryam","name_arabic":"مريم","translated_name":"Maryam"},{"id":20,"revelation_place":"makkah","number_of_verse":135,"name_simple":"Taha","name_arabic":"طه","translated_name":"Tha-Ha"},{"id":21,"revelation_place":"makkah","number_of_verse":112,"name_simple":"Al-Anbya","name_arabic":"الأنبياء","translated_name":"Para Nabi"},{"id":22,"revelation_place":"madinah","number_of_verse":78,"name_simple":"Al-Hajj","name_arabic":"الحج","translated_name":"Haji"},{"id":23,"revelation_place":"makkah","number_of_verse":118,"name_simple":"Al-Mu'minun","name_arabic":"المؤمنون","translated_name":"Orang-orang Mukmin"},{"id":24,"revelation_place":"madinah","number_of_verse":64,"name_simple":"An-Nur","name_arabic":"النور","translated_name":"Cahaya"},{"id":25,"revelation_place":"makkah","number_of_verse":77,"name_simple":"Al-Furqan","name_arabic":"الفرقان","translated_name":"Pembeda"},{"id":26,"revelation_place":"makkah","number_of_verse":227,"name_simple":"Ash-Shu'ara","name_arabic":"الشعراء","translated_name":"Penyair"},{"id":27,"revelation_place":"makkah","number_of_verse":93,"name_simple":"An-Naml","name_arabic":"النمل","translated_name":"Semut"},{"id":28,"revelation_place":"makkah","number_of_verse":88,"name_simple":"Al-Qasas","name_arabic":"القصص","translated_name":"Kisah-kisah"},{"id":29,"revelation_place":"makkah","number_of_verse":69,"name_simple":"Al-'Ankabut","name_arabic":"العنكبوت","translated_name":"Laba-laba"},{"id":30,"revelation_place":"makkah","number_of_verse":60,"name_simple":"Ar-Rum","name_arabic":"الروم","translated_name":"Bangsa Romawi"},{"id":31,"revelation_place":"makkah","number_of_verse":34,"name_simple":"Luqman","name_arabic":"لقمان","translated_name":"Luqman"},{"id":32,"revelation_place":"makkah","number_of_verse":30,"name_simple":"As-Sajdah","name_arabic":"السجدة","translated_name":"Sujud"},{"id":33,"revelation_place":"madinah","number_of_verse":73,"name_simple":"Al-Ahzab","name_arabic":"الأحزاب","translated_name":"Golongan yang Bersekutu"},{"id":34,"revelation_place":"makkah","number_of_verse":54,"name_simple":"Saba","name_arabic":"سبإ","translated_name":"Saba\\'"},{"id":35,"revelation_place":"makkah","number_of_verse":45,"name_simple":"Fatir","name_arabic":"فاطر","translated_name":"Pencipta"},{"id":36,"revelation_place":"makkah","number_of_verse":83,"name_simple":"Ya-Sin","name_arabic":"يس","translated_name":"Yas Sin"},{"id":37,"revelation_place":"makkah","number_of_verse":182,"name_simple":"As-Saffat","name_arabic":"الصافات","translated_name":"Barisan-barisan"},{"id":38,"revelation_place":"makkah","number_of_verse":88,"name_simple":"Sad","name_arabic":"ص","translated_name":"Shad"},{"id":39,"revelation_place":"makkah","number_of_verse":75,"name_simple":"Az-Zumar","name_arabic":"الزمر","translated_name":"Para Rombongan"},{"id":40,"revelation_place":"makkah","number_of_verse":85,"name_simple":"Ghafir","name_arabic":"غافر","translated_name":"Sang Maha Pengampun"},{"id":41,"revelation_place":"makkah","number_of_verse":54,"name_simple":"Fussilat","name_arabic":"فصلت","translated_name":"Yang Dijelaskan"},{"id":42,"revelation_place":"makkah","number_of_verse":53,"name_simple":"Ash-Shuraa","name_arabic":"الشورى","translated_name":"Musyawarah"},{"id":43,"revelation_place":"makkah","number_of_verse":89,"name_simple":"Az-Zukhruf","name_arabic":"الزخرف","translated_name":"Perhiasan"},{"id":44,"revelation_place":"makkah","number_of_verse":59,"name_simple":"Ad-Dukhan","name_arabic":"الدخان","translated_name":"Kabut"},{"id":45,"revelation_place":"makkah","number_of_verse":37,"name_simple":"Al-Jathiyah","name_arabic":"الجاثية","translated_name":"Yang Bertekuk Lutut"},{"id":46,"revelation_place":"makkah","number_of_verse":35,"name_simple":"Al-Ahqaf","name_arabic":"الأحقاف","translated_name":"Bukit-bukir Pasir"},{"id":47,"revelation_place":"madinah","number_of_verse":38,"name_simple":"Muhammad","name_arabic":"محمد","translated_name":"Muhammad"},{"id":48,"revelation_place":"madinah","number_of_verse":29,"name_simple":"Al-Fath","name_arabic":"الفتح","translated_name":"Kemenangan"},{"id":49,"revelation_place":"madinah","number_of_verse":18,"name_simple":"Al-Hujurat","name_arabic":"الحجرات","translated_name":"Kamar-kamar"},{"id":50,"revelation_place":"makkah","number_of_verse":45,"name_simple":"Qaf","name_arabic":"ق","translated_name":"Qaf"},{"id":51,"revelation_place":"makkah","number_of_verse":60,"name_simple":"Adh-Dhariyat","name_arabic":"الذاريات","translated_name":"Angin yang Menerbangkan"},{"id":52,"revelation_place":"makkah","number_of_verse":49,"name_simple":"At-Tur","name_arabic":"الطور","translated_name":"Bukit"},{"id":53,"revelation_place":"makkah","number_of_verse":62,"name_simple":"An-Najm","name_arabic":"النجم","translated_name":"Bintang"},{"id":54,"revelation_place":"makkah","number_of_verse":55,"name_simple":"Al-Qamar","name_arabic":"القمر","translated_name":"Bulan"},{"id":55,"revelation_place":"madinah","number_of_verse":78,"name_simple":"Ar-Rahman","name_arabic":"الرحمن","translated_name":"Yang Maha Pemurah"},{"id":56,"revelation_place":"makkah","number_of_verse":96,"name_simple":"Al-Waqi'ah","name_arabic":"الواقعة","translated_name":"Hari Kiamat"},{"id":57,"revelation_place":"madinah","number_of_verse":29,"name_simple":"Al-Hadid","name_arabic":"الحديد","translated_name":"Besi"},{"id":58,"revelation_place":"madinah","number_of_verse":22,"name_simple":"Al-Mujadila","name_arabic":"المجادلة","translated_name":"Wanita yang Menggugat"},{"id":59,"revelation_place":"madinah","number_of_verse":24,"name_simple":"Al-Hashr","name_arabic":"الحشر","translated_name":"Pengusiran"},{"id":60,"revelation_place":"madinah","number_of_verse":13,"name_simple":"Al-Mumtahanah","name_arabic":"الممتحنة","translated_name":"Wanita yang Diuji"},{"id":61,"revelation_place":"madinah","number_of_verse":14,"name_simple":"As-Saf","name_arabic":"الصف","translated_name":"Barisan"},{"id":62,"revelation_place":"madinah","number_of_verse":11,"name_simple":"Al-Jumu'ah","name_arabic":"الجمعة","translated_name":"Hari Jum\\'at"},{"id":63,"revelation_place":"madinah","number_of_verse":11,"name_simple":"Al-Munafiqun","name_arabic":"المنافقون","translated_name":"Kaum Munafik"},{"id":64,"revelation_place":"madinah","number_of_verse":18,"name_simple":"At-Taghabun","name_arabic":"التغابن","translated_name":"Hari Dinampakkan Kesalahan"},{"id":65,"revelation_place":"madinah","number_of_verse":12,"name_simple":"At-Talaq","name_arabic":"الطلاق","translated_name":"Perceraian"},{"id":66,"revelation_place":"madinah","number_of_verse":12,"name_simple":"At-Tahrim","name_arabic":"التحريم","translated_name":"Mengharamkan"},{"id":67,"revelation_place":"makkah","number_of_verse":30,"name_simple":"Al-Mulk","name_arabic":"الملك","translated_name":"Kerajaan"},{"id":68,"revelation_place":"makkah","number_of_verse":52,"name_simple":"Al-Qalam","name_arabic":"القلم","translated_name":"Pena"},{"id":69,"revelation_place":"makkah","number_of_verse":52,"name_simple":"Al-Haqqah","name_arabic":"الحاقة","translated_name":"Kenyataan (Hari Kiamat)"},{"id":70,"revelation_place":"makkah","number_of_verse":44,"name_simple":"Al-Ma'arij","name_arabic":"المعارج","translated_name":"Tempat yang Naik"},{"id":71,"revelation_place":"makkah","number_of_verse":28,"name_simple":"Nuh","name_arabic":"نوح","translated_name":"Nuh"},{"id":72,"revelation_place":"makkah","number_of_verse":28,"name_simple":"Al-Jinn","name_arabic":"الجن","translated_name":"Jin"},{"id":73,"revelation_place":"makkah","number_of_verse":20,"name_simple":"Al-Muzzammil","name_arabic":"المزمل","translated_name":"Orang yang Berselimut"},{"id":74,"revelation_place":"makkah","number_of_verse":56,"name_simple":"Al-Muddaththir","name_arabic":"المدثر","translated_name":"Orang yang Berkemul"},{"id":75,"revelation_place":"makkah","number_of_verse":40,"name_simple":"Al-Qiyamah","name_arabic":"القيامة","translated_name":"Hari Berbangkit"},{"id":76,"revelation_place":"madinah","number_of_verse":31,"name_simple":"Al-Insan","name_arabic":"الانسان","translated_name":"Manusia"},{"id":77,"revelation_place":"makkah","number_of_verse":50,"name_simple":"Al-Mursalat","name_arabic":"المرسلات","translated_name":"Malaikat-malaikan yang Diutus"},{"id":78,"revelation_place":"makkah","number_of_verse":40,"name_simple":"An-Naba","name_arabic":"النبإ","translated_name":"Berita Besar"},{"id":79,"revelation_place":"makkah","number_of_verse":46,"name_simple":"An-Nazi'at","name_arabic":"النازعات","translated_name":"Malaikat yang Mencabut"},{"id":80,"revelation_place":"makkah","number_of_verse":42,"name_simple":"'Abasa","name_arabic":"عبس","translated_name":"Ia Bermuka Masam"},{"id":81,"revelation_place":"makkah","number_of_verse":29,"name_simple":"At-Takwir","name_arabic":"التكوير","translated_name":"Menggulung"},{"id":82,"revelation_place":"makkah","number_of_verse":19,"name_simple":"Al-Infitar","name_arabic":"الإنفطار","translated_name":"Terbelah"},{"id":83,"revelation_place":"makkah","number_of_verse":36,"name_simple":"Al-Mutaffifin","name_arabic":"المطففين","translated_name":"Orang-orang Curang"},{"id":84,"revelation_place":"makkah","number_of_verse":25,"name_simple":"Al-Inshiqaq","name_arabic":"الإنشقاق","translated_name":"Terbelah"},{"id":85,"revelation_place":"makkah","number_of_verse":22,"name_simple":"Al-Buruj","name_arabic":"البروج","translated_name":"Gugusan Bintang"},{"id":86,"revelation_place":"makkah","number_of_verse":17,"name_simple":"At-Tariq","name_arabic":"الطارق","translated_name":"Yang Datang di Malam Hari"},{"id":87,"revelation_place":"makkah","number_of_verse":19,"name_simple":"Al-A'la","name_arabic":"الأعلى","translated_name":"Yang Paling Tinggi"},{"id":88,"revelation_place":"makkah","number_of_verse":26,"name_simple":"Al-Ghashiyah","name_arabic":"الغاشية","translated_name":"Hari Pembalasan"},{"id":89,"revelation_place":"makkah","number_of_verse":30,"name_simple":"Al-Fajr","name_arabic":"الفجر","translated_name":"Fajar"},{"id":90,"revelation_place":"makkah","number_of_verse":20,"name_simple":"Al-Balad","name_arabic":"البلد","translated_name":"Negeri"},{"id":91,"revelation_place":"makkah","number_of_verse":15,"name_simple":"Ash-Shams","name_arabic":"الشمس","translated_name":"Matahari"},{"id":92,"revelation_place":"makkah","number_of_verse":21,"name_simple":"Al-Layl","name_arabic":"الليل","translated_name":"Malam"},{"id":93,"revelation_place":"makkah","number_of_verse":11,"name_simple":"Ad-Duhaa","name_arabic":"الضحى","translated_name":"Waktu Dhuha"},{"id":94,"revelation_place":"makkah","number_of_verse":8,"name_simple":"Ash-Sharh","name_arabic":"الشرح","translated_name":"Melapangkan"},{"id":95,"revelation_place":"makkah","number_of_verse":8,"name_simple":"At-Tin","name_arabic":"التين","translated_name":"Buah Tin"},{"id":96,"revelation_place":"makkah","number_of_verse":19,"name_simple":"Al-'Alaq","name_arabic":"العلق","translated_name":"Segumpal Darah"},{"id":97,"revelation_place":"makkah","number_of_verse":5,"name_simple":"Al-Qadr","name_arabic":"القدر","translated_name":"Kemuliaan"},{"id":98,"revelation_place":"madinah","number_of_verse":8,"name_simple":"Al-Bayyinah","name_arabic":"البينة","translated_name":"Pembuktian"},{"id":99,"revelation_place":"madinah","number_of_verse":8,"name_simple":"Az-Zalzalah","name_arabic":"الزلزلة","translated_name":"Kegoncangan"},{"id":100,"revelation_place":"makkah","number_of_verse":11,"name_simple":"Al-'Adiyat","name_arabic":"العاديات","translated_name":"Berlari Kencang"},{"id":101,"revelation_place":"makkah","number_of_verse":11,"name_simple":"Al-Qari'ah","name_arabic":"القارعة","translated_name":"Hari Kiamat"},{"id":102,"revelation_place":"makkah","number_of_verse":8,"name_simple":"At-Takathur","name_arabic":"التكاثر","translated_name":"Bermegah-megahan"},{"id":103,"revelation_place":"makkah","number_of_verse":3,"name_simple":"Al-'Asr","name_arabic":"العصر","translated_name":"Waktu Sore"},{"id":104,"revelation_place":"makkah","number_of_verse":9,"name_simple":"Al-Humazah","name_arabic":"الهمزة","translated_name":"Pengumpat"},{"id":105,"revelation_place":"makkah","number_of_verse":5,"name_simple":"Al-Fil","name_arabic":"الفيل","translated_name":"Gajah"},{"id":106,"revelation_place":"makkah","number_of_verse":4,"name_simple":"Quraysh","name_arabic":"قريش","translated_name":"Suku Quraisy"},{"id":107,"revelation_place":"makkah","number_of_verse":7,"name_simple":"Al-Ma'un","name_arabic":"الماعون","translated_name":"Barang yang Berguna"},{"id":108,"revelation_place":"makkah","number_of_verse":3,"name_simple":"Al-Kawthar","name_arabic":"الكوثر","translated_name":"Nikmat Berlimpah"},{"id":109,"revelation_place":"makkah","number_of_verse":6,"name_simple":"Al-Kafirun","name_arabic":"الكافرون","translated_name":"Orang-orang Kafir"},{"id":110,"revelation_place":"madinah","number_of_verse":3,"name_simple":"An-Nasr","name_arabic":"النصر","translated_name":"Pertolongan"},{"id":111,"revelation_place":"makkah","number_of_verse":5,"name_simple":"Al-Masad","name_arabic":"المسد","translated_name":"Gejolak Api (Sabut)"},{"id":112,"revelation_place":"makkah","number_of_verse":4,"name_simple":"Al-Ikhlas","name_arabic":"الإخلاص","translated_name":"Ikhlash"},{"id":113,"revelation_place":"makkah","number_of_verse":5,"name_simple":"Al-Falaq","name_arabic":"الفلق","translated_name":"Waktu Shubuh"},{"id":114,"revelation_place":"makkah","number_of_verse":6,"name_simple":"An-Nas","name_arabic":"الناس","translated_name":"Umat Manusia"}],"error":null}